{
  "version": 1,
  "author": "Mohamad Rizal",
  "editor": "wokwi",
  "parts": [
    { "type": "wokwi-arduino-uno", "id": "uno", "top": -114.6, "left": 105, "attrs": {} },
    {
      "type": "wokwi-pir-motion-sensor",
      "id": "pir1",
      "top": -15.2,
      "left": -151.38,
      "attrs": {}
    },
    {
      "type": "wokwi-led",
      "id": "led1",
      "top": 130.8,
      "left": -130.6,
      "attrs": { "color": "red" }
    },
    {
      "type": "wokwi-resistor",
      "id": "r1",
      "top": 176.75,
      "left": 9.6,
      "attrs": { "value": "220" }
    },
    {
      "type": "wokwi-lcd1602",
      "id": "lcd1",
      "top": 160,
      "left": 207.2,
      "attrs": { "pins": "i2c" }
    }
  ],
  "connections": [
    [ "pir1:VCC", "uno:5V", "red", [ "v0" ] ],
    [ "pir1:GND", "uno:GND.2", "black", [ "v0" ] ],
    [ "pir1:OUT", "uno:2", "green", [ "v0" ] ],
    [ "led1:A", "uno:13", "green", [ "v0" ] ],
    [ "led1:C", "r1:1", "green", [ "v0" ] ],
    [ "r1:2", "uno:GND.3", "green", [ "v0" ] ],
    [ "lcd1:SDA", "uno:A4", "green", [ "h0" ] ],
    [ "lcd1:SCL", "uno:A5", "green", [ "h0" ] ],
    [ "lcd1:VCC", "uno:5V", "red", [ "h0" ] ],
    [ "lcd1:GND", "uno:GND.1", "black", [ "h0" ] ]
  ],
  "dependencies": {}
}